Title,Takeaway,Authors,Year,Citations,Abstract,Study Type,Journal,Journal SJR Quartile,DOI,Consensus Link
"DeepBrainPrint: A Novel Contrastive Framework for Brain MRI Re-Identification","DeepBrainPrint effectively retrieves brain MRI scans of the same patient, outperforming previous methods and advanced contrastive deep learning frameworks.","Lemuel Puglisi, F. Barkhof, Daniel C. Alexander, Geoffrey J. M. Parker, A. Eshaghi, Daniele Ravì",2023,7,"Recent advances in MRI have led to the creation of large datasets. With the increase in data volume, it has become difficult to locate previous scans of the same patient within these datasets (a process known as re-identification). To address this issue, we propose an AI-powered medical imaging retrieval framework called DeepBrainPrint, which is designed to retrieve brain MRI scans of the same patient. Our framework is a semi-self-supervised contrastive deep learning approach with three main innovations. First, we use a combination of self-supervised and supervised paradigms to create an effective brain fingerprint from MRI scans that can be used for real-time image retrieval. Second, we use a special weighting function to guide the training and improve model convergence. Third, we introduce new imaging transformations to improve retrieval robustness in the presence of intensity variations (i.e. different scan contrasts), and to account for age and disease progression in patients. We tested DeepBrainPrint on a large dataset of T1-weighted brain MRIs from the Alzheimer's Disease Neuroimaging Initiative (ADNI) and on a synthetic dataset designed to evaluate retrieval performance with different image modalities. Our results show that DeepBrainPrint outperforms previous methods, including simple similarity metrics and more advanced contrastive deep learning frameworks.","","","","10.48550/arxiv.2302.13057","https://consensus.app/papers/deepbrainprint-a-novel-contrastive-framework-for-brain-puglisi-barkhof/92213052a80e56dea69885d802ada391/"
"MR-CLIP: Efficient Metadata-Guided Learning of MRI Contrast Representations","MR-CLIP effectively learns contrast-aware representations from MR images and DICOM metadata, improving image interpretation and enabling advanced clinical applications.","Mehmet Yigit Avci, Pedro Borges, P. Wright, Mehmet Yiğitsoy, S. Ourselin, M. Cardoso",2025,5,"Accurate interpretation of Magnetic Resonance Imaging scans in clinical systems is based on a precise understanding of image contrast. This contrast is primarily governed by acquisition parameters, such as echo time and repetition time, which are stored in the DICOM metadata. To simplify contrast identification, broad labels such as T1-weighted or T2-weighted are commonly used, but these offer only a coarse approximation of the underlying acquisition settings. In many real-world datasets, such labels are entirely missing, leaving raw acquisition parameters as the only indicators of contrast. Adding to this challenge, the available metadata is often incomplete, noisy, or inconsistent. The lack of reliable and standardized metadata complicates tasks such as image interpretation, retrieval, and integration into clinical workflows. Furthermore, robust contrast-aware representations are essential to enable more advanced clinical applications, such as achieving modality-invariant representations and data harmonization. To address these challenges, we propose MR-CLIP, a multimodal contrastive learning framework that aligns MR images with their DICOM metadata to learn contrast-aware representations, without relying on manual labels. Trained on a diverse clinical dataset that spans various scanners and protocols, MR-CLIP captures contrast variations across acquisitions and within scans, enabling anatomy-invariant representations. We demonstrate its effectiveness in cross-modal retrieval and contrast classification, highlighting its scalability and potential for further clinical applications. The code and weights are publicly available at https://github.com/myigitavci/MR-CLIP.","","","","10.48550/arxiv.2507.00043","https://consensus.app/papers/mrclip-efficient-metadataguided-learning-of-mri-contrast-avci-borges/828985bb5ca95a4bb5a73f994b8b2cd9/"
"A Unified Conditional Disentanglement Framework For Multimodal Brain Mr Image Translation","Our unified conditional disentanglement framework effectively synthesizes any arbitrary MRI modality from an input modality, improving image quality and tumor segmentation.","Xiaofeng Liu, Fangxu Xing, G. Fakhri, Jonghye Woo",2021,39,"Multimodal MRI provides complementary and clinically relevant information to probe tissue condition and to characterize various diseases. However, it is often difficult to acquire sufficiently many modalities from the same subject due to limitations in study plans, while quantitative analysis is still demanded. In this work, we propose a unified conditional disentanglement framework to synthesize any arbitrary modality from an input modality. Our framework hinges on a cycle-constrained conditional adversarial training approach, where it can extract a modality-invariant anatomical feature with a modality-agnostic encoder and generate a target modality with a conditioned decoder. We validate our framework on four MRI modalities, including T1-weighted, T1 contrast enhanced, T2-weighted, and FLAIR MRI, from the BraTS'18 database, showing superior performance on synthesis quality over the comparison methods. In addition, we report results from experiments on a tumor segmentation task carried out with synthesized data.","","2021 IEEE 18th International Symposium on Biomedical Imaging (ISBI)","","10.1109/isbi48211.2021.9433897","https://consensus.app/papers/a-unified-conditional-disentanglement-framework-for-liu-xing/a7e5a22a47bd5fbbab10f8647a534112/"
"Multimodal MRI Synthesis Using Unified Generative Adversarial Networks","The proposed unified generative adversarial network effectively synthesizes multimodal MR images from a single MR image, improving diagnostic accuracy and treatment planning.","X. Dai, Y. Lei, Yabo Fu, W. Curran, Tian Liu, H. Mao, Xiaofeng Yang",2020,90,"Purpose: Complementary information obtained from multiple contrasts of tissue facilitates physicians assessing, diagnosing and planning treatment of a variety of diseases. However, acquiring multiple contrasts magnetic resonance images (MRI) for every patient using multiple pulse sequences is time-consuming and expensive, where, medical image synthesis has been demonstrated as an effective alternative. The purpose of this study is to develop a unified framework for multimodal MR image synthesis.

Methods: A unified generative adversarial network consisting of only a single generator and a single discriminator was developed to learn the mappings among images of four different modalities. The generator took an image and its modality label as inputs and learned to synthesize the image in the target modality, while the discriminator was trained to distinguish between real and synthesized images and classify them to their corresponding modalities. The network was trained and tested using multimodal brain MRI consisting of four different contrasts which are T1-weighted (T1), T1-weighted and contrast-enhanced (T1c), T2-weighted (T2), and fluid-attenuated inversion recovery (Flair). Quantitative assessments of our proposed method were made through computing normalized mean absolute error (NMAE), peak signal-to-noise ratio (PSNR), structural similarity index measurement (SSIM), visual information fidelity (VIF), and naturalness image quality evaluator (NIQE).

Results: The proposed model was trained and tested on a cohort of 274 glioma patients with well-aligned multi-types of MRI scans. After the model was trained, tests were conducted by using each of T1, T1c, T2, Flair as a single input modality to generate its respective rest modalities. Our proposed method shows high accuracy and robustness for image synthesis with arbitrary MRI modality that is available in the database as input. For example, with T1 as input modality, the NMAEs for the generated T1c, T2, Flair respectively are 0.034 ± 0.005, 0.041 ± 0.006, and 0.041 ± 0.006, the PSNRs respectively are 32.353 ± 2.525 dB, 30.016 ± 2.577 dB, and 29.091 ± 2.795 dB, the SSIMs are 0.974 ± 0.059, 0.969 ± 0.059, and 0.959 ± 0.059, the VIF are 0.750 ± 0.087, 0.706 ± 0.097, and 0.654 ± 0.062, and NIQE are 1.396 ± 0.401, 1.511 ± 0.460, and 1.259 ± 0.358, respectively.

Conclusions: We proposed a novel multimodal MR image synthesis method based on a unified generative adversarial network. The network takes an image and its modality label as inputs and synthesizes multimodal images in a single forward pass. The results demonstrate that the proposed method is able to accurately synthesize multimodal MR images from a single MR image.

© 2020 American Association of Physicists in Medicine.","","Medical physics","1","10.1002/mp.14539","https://consensus.app/papers/multimodal-mri-synthesis-using-unified-generative-dai-lei/cc5412a7d7e25a7a8aeb2699235233d5/"
"Cross-Modal Brain Mri Synthesis Via Contrastive Disentanglement and Conditional Diffusion","","Peeyush Kumar Singh, Inam Ul Haq Gulzar, Sneha Singh, Aditya Nigam, Pankaj Gupta",2026,0,"Cross-modal brain magnetic resonance imaging (MRI) synthesis remains challenging due to the complex interplay between anatomical structures and modality-specific contrast patterns. We propose a two-phase framework that separates anatomical and contrast representations through contrastive learning and conditional diffusion. Phase 1 uses contrastive disentanglement with dual projection heads to separate anatomy (patient-specific structure) from contrast (modality-specific appearance), reinforced by adversarial training. A learnable contrast bank stores modality prototypes independent of anatomical content. Phase 2 employs a conditional diffusion model that synthesizes target images by combining source anatomy features with target contrast codes from the bank. Training integrates anatomy-invariant and contrast-invariant contrastive losses and adversarial modality classification to enforce clear disentanglement. Evaluated on multi-modal brain MRI data (T1-w, T1ce, T2-w, FLAIR), our approach achieves one-to-many synthesis, allowing a single source modality to generate multiple target modalities without relying on source intensity patterns. The disentangled representation leads to better generalization and more realistic contrast-specific patterns than traditional entangled feature representation models.","","2026 IEEE 23rd International Symposium on Biomedical Imaging (ISBI)","","10.1109/isbi61048.2026.11515667","https://consensus.app/papers/crossmodal-brain-mri-synthesis-via-contrastive-singh-gulzar/342e017031d057f68ac03b3e3b2d5a12/"
"Brain MR Image Synthesis with 3D Multi-Contrast Self-Attention GAN","","Zaid A. Abod, F. Aziz",2026,0,"Complete and high-quality multi-modal Magnetic Resonance Imaging (MRI) is essential for accurate neuro-oncological assessment, as each contrast provides complementary anatomical and pathological information. However, acquiring all modalities (e.g., T1c, T1n, T2w, T2f) for every patient is often impractical due to prolonged scan times, cost, and patient discomfort, potentially limiting comprehensive tumour evaluation. We propose 3D-MC-SAGAN (3D Multi-Contrast Self-Attention Generative Adversarial Network), a unified 3D multi-contrast synthesis framework that generates high-fidelity missing modalities from a single T2w input while explicitly preserving tumour characteristics. The model employs a multi-scale 3D encoder--decoder generator with residual connections and a novel Memory-Bounded Hybrid Attention (MBHA) block to capture long-range dependencies efficiently, and is trained with a WGAN-GP critic and an auxiliary domain classification head to produce T2f, T1n, and T1c volumes within a unified network. To ensure anatomical and pathological fidelity, we incorporate a frozen 3D U-Net-based segmentation network that enforces a tumour-consistency constraint during training. A composite objective combining adversarial, reconstruction, perceptual, structural similarity, contrast-classification, and segmentation-guided losses further promotes both global realism and tumour-preserving structure. Extensive experiments on 3D brain MRI datasets demonstrate that 3D-MC-SAGAN achieves state-of-the-art quantitative performance and produces visually coherent, anatomically plausible contrasts with improved distributional realism. Importantly, the proposed method maintains tumour segmentation accuracy comparable to that achieved using fully acquired multi-modal inputs, highlighting its potential to reduce acquisition burden while preserving clinically meaningful information.","","","","","https://consensus.app/papers/brain-mr-image-synthesis-with-3d-multicontrast-abod-aziz/53c5acf060bf53ad9868e9a14d855f90/"
"SynthMorph: Learning Contrast-Invariant Registration Without Acquired Images","This study presents a strategy for learning image registration without acquired imaging data, producing powerful networks that accurately generalize to a broad array of MRI contrasts, surpassing state-of-the-art performance.","Malte Hoffmann, Benjamin Billot, D. Greve, J. E. Iglesias, B. Fischl, Adrian V. Dalca",2020,265,"We introduce a strategy for learning image registration without acquired imaging data, producing powerful networks agnostic to contrast introduced by magnetic resonance imaging (MRI). While classical registration methods accurately estimate the spatial correspondence between images, they solve an optimization problem for every new image pair. Learning-based techniques are fast at test time but limited to registering images with contrasts and geometric content similar to those seen during training. We propose to remove this dependency on training data by leveraging a generative strategy for diverse synthetic label maps and images that exposes networks to a wide range of variability, forcing them to learn more invariant features. This approach results in powerful networks that accurately generalize to a broad array of MRI contrasts. We present extensive experiments with a focus on 3D neuroimaging, showing that this strategy enables robust and accurate registration of arbitrary MRI contrasts even if the target contrast is not seen by the networks during training. We demonstrate registration accuracy surpassing the state of the art both within and across contrasts, using a single model. Critically, training on arbitrary shapes synthesized from noise distributions results in competitive performance, removing the dependency on acquired data of any kind. Additionally, since anatomical label maps are often available for the anatomy of interest, we show that synthesizing images from these dramatically boosts performance, while still avoiding the need for real intensity images. Our code is available at doic https://w3id.org/synthmorph.","","IEEE transactions on medical imaging","1","10.1109/tmi.2021.3116879","https://consensus.app/papers/synthmorph-learning-contrastinvariant-registration-hoffmann-billot/dd95597e50335ccfa3a984d8303c80f9/"
"SynthSeg: Segmentation of brain MRI scans of any contrast and resolution without retraining","SynthSeg is a robust segmentation CNN that can segment brain MRI scans of any contrast and resolution without retraining or fine-tuning, enabling straightforward analysis of heterogeneous clinical data.","Benjamin Billot, D. Greve, O. Puonti, A. Thielscher, K. Van Leemput, B. Fischl, Adrian V. Dalca, J. E. Iglesias",2021,589,"","","Medical image analysis","1","10.1016/j.media.2023.102789","https://consensus.app/papers/synthseg-segmentation-of-brain-mri-scans-of-any-contrast-billot-greve/2f0bf842bcd053f4a4c161bc178c96f1/"
"HACA3: A unified approach for multi-site MR image harmonization","HACA3 effectively combines anatomy fusion and robustness to imaging artifacts to achieve multi-site MR image harmonisation across diverse datasets.","Lianrui Zuo, Yihao Liu, Yuan Xue, B. Dewey, Murat Bilgel, E. Mowry, S. Newsome, P. Calabresi, S. Resnick, Jerry L Prince, A. Carass",2022,51,"The lack of standardization and consistency of acquisition is a prominent issue in magnetic resonance (MR) imaging. This often causes undesired contrast variations in the acquired images due to differences in hardware and acquisition parameters. In recent years, image synthesis-based MR harmonization with disentanglement has been proposed to compensate for the undesired contrast variations. The general idea is to disentangle anatomy and contrast information from MR images to achieve cross-site harmonization. Despite the success of existing methods, we argue that major improvements can be made from three aspects. First, most existing methods are built upon the assumption that multi-contrast MR images of the same subject share the same anatomy. This assumption is questionable, since different MR contrasts are specialized to highlight different anatomical features. Second, these methods often require a fixed set of MR contrasts for training (e.g., both T1-weighted and T2-weighted images), limiting their applicability. Lastly, existing methods are generally sensitive to imaging artifacts. In this paper, we present Harmonization with Attention-based Contrast, Anatomy, and Artifact Awareness (HACA3), a novel approach to address these three issues. HACA3 incorporates an anatomy fusion module that accounts for the inherent anatomical differences between MR contrasts. Furthermore, HACA3 can be trained and applied to any combination of MR contrasts and is robust to imaging artifacts. HACA3 is developed and evaluated on diverse MR datasets acquired from 21 sites with varying field strengths, scanner platforms, and acquisition protocols. Experiments show that HACA3 achieves state-of-the-art harmonization performance under multiple image quality metrics. We also demonstrate the versatility and potential clinical impact of HACA3 on downstream tasks including white matter lesion segmentation for people with multiple sclerosis and longitudinal volumetric analyses for normal aging subjects. Code is available at https://github.com/lianruizuo/haca3.

Copyright © 2023 The Authors. Published by Elsevier Ltd.. All rights reserved.","","Computerized medical imaging and graphics : the official journal of the Computerized Medical Imaging Society","","10.48550/arxiv.2212.06065","https://consensus.app/papers/haca3-a-unified-approach-for-multisite-mr-image-zuo-liu/45ca713fc2215cb78d8fdddd6e4cd293/"
"Deep learning‐based convolutional neural network for intramodality brain MRI synthesis","Our U-Net model accurately performs image-to-image translation across brain MRI contrasts, potentially improving clinical decision-making and diagnosis of brain cancer patients.","A. Osman, N. Tamam",2022,41,"Purpose: The existence of multicontrast magnetic resonance (MR) images increases the level of clinical information available for the diagnosis and treatment of brain cancer patients. However, acquiring the complete set of multicontrast MR images is not always practically feasible. In this study, we developed a state-of-the-art deep learning convolutional neural network (CNN) for image-to-image translation across three standards MRI contrasts for the brain.

Methods: BRATS'2018 MRI dataset of 477 patients clinically diagnosed with glioma brain cancer was used in this study, with each patient having T1-weighted (T1), T2-weighted (T2), and FLAIR contrasts. It was randomly split into 64%, 16%, and 20% as training, validation, and test set, respectively. We developed a U-Net model to learn the nonlinear mapping of a source image contrast to a target image contrast across three MRI contrasts. The model was trained and validated with 2D paired MR images using a mean-squared error (MSE) cost function, Adam optimizer with 0.001 learning rate, and 120 epochs with a batch size of 32. The generated synthetic-MR images were evaluated against the ground-truth images by computing the MSE, mean absolute error (MAE), peak signal-to-noise ratio (PSNR), and structural similarity index (SSIM).

Results: The generated synthetic-MR images with our model were nearly indistinguishable from the real images on the testing dataset for all translations, except synthetic FLAIR images had slightly lower quality and exhibited loss of details. The range of average PSNR, MSE, MAE, and SSIM values over the six translations were 29.44-33.25 dB, 0.0005-0.0012, 0.0086-0.0149, and 0.932-0.946, respectively. Our results were as good as the best-reported results by other deep learning models on BRATS datasets.

Conclusions: Our U-Net model exhibited that it can accurately perform image-to-image translation across brain MRI contrasts. It could hold great promise for clinical use for improved clinical decision-making and better diagnosis of brain cancer patients due to the availability of multicontrast MRIs. This approach may be clinically relevant and setting a significant step to efficiently fill a gap of absent MR sequences without additional scanning.

© 2022 The Authors. Journal of Applied Clinical Medical Physics published by Wiley Periodicals, LLC on behalf of The American Association of Physicists in Medicine.","","Journal of Applied Clinical Medical Physics","2","10.1002/acm2.13530","https://consensus.app/papers/deep-learningbased-convolutional-neural-network-for-osman-tamam/7c9666888c445c2d9d3c512a5ad0c66b/"
"Benchmarking GANs, Diffusion Models, and Flow Matching for T1w-to-T2w MRI Translation","The GAN-based Pix2Pix model outperforms diffusion and FM-based methods in structural fidelity, image quality, and computational efficiency for T1w-to-T2w MRI translation, offering practical guidance for real-world MRI workflows.","Andrea Moschetto, Lemuel Puglisi, Alec Sargood, Pierluigi Dell’Acqua, Francesco Guarnera, S. Battiato, Daniele Ravì",2025,5,"Magnetic Resonance Imaging (MRI) enables the acquisition of multiple image contrasts, such as T1-weighted (T1w) and T2-weighted (T2w) scans, each offering distinct diagnostic insights. However, acquiring all desired modalities increases scan time and cost, motivating research into computational methods for cross-modal synthesis. To address this, recent approaches aim to synthesize missing MRI contrasts from those already acquired, reducing acquisition time while preserving diagnostic quality. Image-to-image (I2I) translation provides a promising framework for this task. In this paper, we present a comprehensive benchmark of generative models$\unicode{x2013}$specifically, Generative Adversarial Networks (GANs), diffusion models, and flow matching (FM) techniques$\unicode{x2013}$for T1w-to-T2w 2D MRI I2I translation. All frameworks are implemented with comparable settings and evaluated on three publicly available MRI datasets of healthy adults. Our quantitative and qualitative analyses show that the GAN-based Pix2Pix model outperforms diffusion and FM-based methods in terms of structural fidelity, image quality, and computational efficiency. Consistent with existing literature, these results suggest that flow-based models are prone to overfitting on small datasets and simpler tasks, and may require more data to match or surpass GAN performance. These findings offer practical guidance for deploying I2I translation techniques in real-world MRI workflows and highlight promising directions for future research in cross-modal medical image synthesis. Code and models are publicly available at https://github.com/AndreaMoschetto/medical-I2I-benchmark.","","","","10.48550/arxiv.2507.14575","https://consensus.app/papers/benchmarking-gans-diffusion-models-and-flow-matching-for-moschetto-puglisi/2f08bb866fc452dc8d4230af4398545a/"
"GAN-Based Cross-Modality Brain MRI Synthesis: Paired Versus Unpaired Training and Comparison with Diffusion and Transformer Models","","Behnam Kiani Kalejahi, S. Danishvar, Mohammad Javad Rajabi",2026,1,"Incomplete or faulty MRI sequences are common in clinical practice and can impair AI-based analyses that rely on complete multi-contrast data. The relative effectiveness of classical generative adversarial networks (GANs) versus modern diffusion and transformer-based models for clinically usable MRI synthesis remains unclear. This study evaluates cross-modality MRI synthesis using the BraTS 2019 brain tumour dataset, focusing on T1-to-T2 translation. We assess paired and unpaired CycleGAN models and compare them with two stronger but computationally intensive baselines, a conditional denoising diffusion probabilistic model (DDPM) and a transformer-enhanced GAN, using identical data splits and preprocessing pipelines. Inter-modality correlation was evaluated to estimate the achievable similarity between modalities. Conceptually, modality synthesis may be viewed as a representation-learning approach that compensates for missing imaging information by reconstructing clinically relevant features from available contrasts. Paired CycleGAN achieved correlations of r≈0.92-0.93 and SSIM ≈0.90-0.92, approaching natural T1-T2 correlation (r≈0.95) while maintaining very fast inference (<50 ms/slice). Unpaired CycleGAN achieved r≈0.74-0.78 and SSIM ≈0.82-0.85, producing clinically interpretable reconstructions without voxel-level supervision. DDPM achieved the highest fidelity (SSIM ≈0.93-0.95, r≈0.94) but required substantially greater computational resources, while transformer-enhanced GAN performance was intermediate. Qualitative analysis showed that CycleGAN and DDPM best preserved tumour and tissue boundaries, whereas unpaired CycleGAN occasionally over-smoothed subtle lesions. These findings highlight the trade-off between fidelity and efficiency in cross-modality MRI synthesis, suggesting paired CycleGAN for time-sensitive clinical workflows and diffusion models as a computationally expensive accuracy upper bound.","","Biomimetics","2","10.3390/biomimetics11030175","https://consensus.app/papers/ganbased-crossmodality-brain-mri-synthesis-paired-versus-kalejahi-danishvar/a029bd9eac2a5b85b61d7df19f988f65/"
"Spatial and Modal Optimal Transport for Fast Cross-Modal MRI Reconstruction","Optimal Transport (OT) effectively synthesizes T2-weighted images from aligned T1-weighted images, improving image reconstruction quality and speeding up multi-modal MRI acquisitions.","Qi Wang, Zhijie Wen, Jun Shi, Qian Wang, Dinggang Shen, Shihui Ying",2023,9,"Multi-modal magnetic resonance imaging (MRI) plays a crucial role in comprehensive disease diagnosis in clinical medicine. However, acquiring certain modalities, such as T2-weighted images (T2WIs), is time-consuming and prone to be with motion artifacts. It negatively impacts subsequent multi-modal image analysis. To address this issue, we propose an end-to-end deep learning framework that utilizes T1-weighted images (T1WIs) as auxiliary modalities to expedite T2WIs' acquisitions. While image pre-processing is capable of mitigating misalignment, improper parameter selection leads to adverse pre-processing effects, requiring iterative experimentation and adjustment. To overcome this shortage, we employ Optimal Transport (OT) to synthesize T2WIs by aligning T1WIs and performing cross-modal synthesis, effectively mitigating spatial misalignment effects. Furthermore, we adopt an alternating iteration framework between the reconstruction task and the cross-modal synthesis task to optimize the final results. Then, we prove that the reconstructed T2WIs and the synthetic T2WIs become closer on the T2 image manifold with iterations increasing, and further illustrate that the improved reconstruction result enhances the synthesis process, whereas the enhanced synthesis result improves the reconstruction process. Finally, experimental results from FastMRI and internal datasets confirm the effectiveness of our method, demonstrating significant improvements in image reconstruction quality even at low sampling rates.","","IEEE Transactions on Medical Imaging","1","10.1109/tmi.2024.3406559","https://consensus.app/papers/spatial-and-modal-optimal-transport-for-fast-crossmodal-wang-wen/5492a05307f05c5bb84a0668e61cbdab/"
"Brain extraction on MRI scans in presence of diffuse glioma: Multi-institutional performance evaluation of deep learning methods and robust modality-agnostic training","The modality-agnostic training technique accurately extracts brain tissue from MRI scans with brain tumors, providing a practical and efficient tool for multi-institutional collaborations.","Siddhesh P. Thakur, J. Doshi, Sarthak Pati, Saima Rathore, C. Sako, M. Bilello, S. Ha, G. Shukla, A. Flanders, Aikaterini Kotrotsou, Mikhail Milchenko, Spencer Liem, G. Alexander, Joseph Lombardo, J. Palmer, P. LaMontagne, Arash Nazeri, S. Talbar, S. Bakas",2020,81,"","","NeuroImage","1","10.1016/j.neuroimage.2020.117081","https://consensus.app/papers/brain-extraction-on-mri-scans-in-presence-of-diffuse-glioma-thakur-doshi/753f160be3a85c8c92b1b3b501502b44/"
"A Learning Strategy for Contrast-agnostic MRI Segmentation","Our deep learning strategy, SynthSeg, enables contrast-agnostic semantic segmentation of unpreprocessed brain MRI scans, performing slightly better than classical Bayesian segmentation and three orders of magnitude faster.","Benjamin Billot, D. Greve, K. V. Leemput, B. Fischl, J. E. Iglesias, Adrian V. Dalca",2020,81,"We present a deep learning strategy that enables, for the first time, contrast-agnostic semantic segmentation of completely unpreprocessed brain MRI scans, without requiring additional training or fine-tuning for new modalities. Classical Bayesian methods address this segmentation problem with unsupervised intensity models, but require significant computational resources. In contrast, learning-based methods can be fast at test time, but are sensitive to the data available at training. Our proposed learning method, SynthSeg, leverages a set of training segmentations (no intensity images required) to generate synthetic sample images of widely varying contrasts on the fly during training. These samples are produced using the generative model of the classical Bayesian segmentation framework, with randomly sampled parameters for appearance, deformation, noise, and bias field. Because each mini-batch has a different synthetic contrast, the final network is not biased towards any MRI contrast. We comprehensively evaluate our approach on four datasets comprising over 1,000 subjects and four types of MR contrast. The results show that our approach successfully segments every contrast in the data, performing slightly better than classical Bayesian segmentation, and three orders of magnitude faster. Moreover, even within the same type of MRI contrast, our strategy generalizes significantly better across datasets, compared to training using real images. Finally, we find that synthesizing a broad range of contrasts, even if unrealistic, increases the generalization of the neural network. Our code and model are open source at this https URL.","","","","","https://consensus.app/papers/a-learning-strategy-for-contrastagnostic-mri-billot-greve/0b9ca63d4fcc59a2a753a846f724f2ef/"
"Joint super-resolution and synthesis of 1 mm isotropic MP-RAGE volumes from clinical MRI exams with scans of different orientation, resolution and contrast","SynthSR enables the analysis of diverse clinical MRI scans with different contrast, resolution, and orientation, improving our understanding of the human brain.","J. E. Iglesias, Benjamin Billot, Yael Balbastre, A. Tabari, J. Conklin, D. Alexander, P. Golland, B. Edlow, B. Fischl",2020,138,"","","NeuroImage","1","10.1016/j.neuroimage.2021.118206","https://consensus.app/papers/joint-superresolution-and-synthesis-of-1-mm-isotropic-iglesias-billot/50f9edf877ac5a718afeea631dc788ed/"
"Brain-ID: Learning Contrast-Agnostic Anatomical Representations for Brain Imaging","Brain-ID is a robust anatomical representation learning model for brain imaging, achieving state-of-the-art performance on diverse MRI modalities and CT datasets, even on low-resolution and small datasets.","Peirong Liu, O. Puonti, Xiaoling Hu, Daniel C. Alexander, J. E. Iglesias",2023,14,"Recent learning-based approaches have made astonishing advances in calibrated medical imaging like computerized tomography (CT), yet they struggle to generalize in uncalibrated modalities -- notably magnetic resonance (MR) imaging, where performance is highly sensitive to the differences in MR contrast, resolution, and orientation. This prevents broad applicability to diverse real-world clinical protocols. We introduce Brain-ID, an anatomical representation learning model for brain imaging. With the proposed""mild-to-severe""intra-subject generation, Brain-ID is robust to the subject-specific brain anatomy regardless of the appearance of acquired images (e.g., contrast, deformation, resolution, artifacts). Trained entirely on synthetic data, Brain-ID readily adapts to various downstream tasks through only one layer. We present new metrics to validate the intra- and inter-subject robustness of Brain-ID features, and evaluate their performance on four downstream applications, covering contrast-independent (anatomy reconstruction/contrast synthesis, brain segmentation), and contrast-dependent (super-resolution, bias field estimation) tasks. Extensive experiments on six public datasets demonstrate that Brain-ID achieves state-of-the-art performance in all tasks on different MRI modalities and CT, and more importantly, preserves its performance on low-resolution and small datasets. Code is available at https://github.com/peirong26/Brain-ID.","","","","10.1007/978-3-031-73254-6_19","https://consensus.app/papers/brainid-learning-contrastagnostic-anatomical-liu-puonti/70484708052950c1a037b967990d5c97/"
"A Modality-agnostic Multi-task Foundation Model for Human Brain Imaging","BrainFM is a modality-agnostic, multi-task vision foundation model for human brain imaging, effectively applied to five fundamental tasks and input modalities across various clinical protocols.","Peirong Liu, O. Puonti, Xiaoling Hu, Karthik Gopinath, A. Sorby-Adams, Daniel C. Alexander, W. Kimberly, J. E. Iglesias",2025,6,"Recent learning-based approaches have made astonishing advances in calibrated medical imaging like computerized tomography (CT), yet they struggle to generalize in uncalibrated modalities -- notably magnetic resonance (MR) imaging, where performance is highly sensitive to the differences in MR contrast, resolution, and orientation. This prevents broad applicability to diverse real-world clinical protocols. Here we introduce BrainFM, a modality-agnostic, multi-task vision foundation model for human brain imaging. With the proposed""mild-to-severe""intra-subject generation and""real-synth""mix-up training strategy, BrainFM is resilient to the appearance of acquired images (e.g., modality, contrast, deformation, resolution, artifacts), and can be directly applied to five fundamental brain imaging tasks, including image synthesis for CT and T1w/T2w/FLAIR MRI, anatomy segmentation, scalp-to-cortical distance, bias field estimation, and registration. We evaluate the efficacy of BrainFM on eleven public datasets, and demonstrate its robustness and effectiveness across all tasks and input modalities. Code is available at https://github.com/jhuldr/BrainFM.","","ArXiv","","10.48550/arxiv.2509.00549","https://consensus.app/papers/a-modalityagnostic-multitask-foundation-model-for-human-liu-puonti/f11cc05cf3b55203b13fe279e7a27633/"
"Modality-Agnostic Input Channels Enable Segmentation of Brain lesions in Multimodal MRI with Sequences Unavailable During Training","This study developed a model that can effectively segment brain lesions in multimodal MRI using both seen and unseen modalities, improving detection and analysis of brain pathology.","Anthony P. Addison, Felix Wagner, Wentian Xu, Natalie Voets, K. Kamnitsas",2025,0,"Segmentation models are important tools for the detection and analysis of lesions in brain MRI. Depending on the type of brain pathology that is imaged, MRI scanners can acquire multiple, different image modalities (contrasts). Most segmentation models for multimodal brain MRI are restricted to fixed modalities and cannot effectively process new ones at inference. Some models generalize to unseen modalities but may lose discriminative modality-specific information. This work aims to develop a model that can perform inference on data that contain image modalities unseen during training, previously seen modalities, and heterogeneous combinations of both, thus allowing a user to utilize any available imaging modalities. We demonstrate this is possible with a simple, thus practical alteration to the U-net architecture, by integrating a modality-agnostic input channel or pathway, alongside modality-specific input channels. To train this modality-agnostic component, we develop an image augmentation scheme that synthesizes artificial MRI modalities. Augmentations differentially alter the appearance of pathological and healthy brain tissue to create artificial contrasts between them while maintaining realistic anatomical integrity. We evaluate the method using 8 MRI databases that include 5 types of pathologies (stroke, tumours, traumatic brain injury, multiple sclerosis and white matter hyperintensities) and 8 modalities (T1, T1+contrast, T2, PD, SWI, DWI, ADC and FLAIR). The results demonstrate that the approach preserves the ability to effectively process MRI modalities encountered during training, while being able to process new, unseen modalities to improve its segmentation. Project code: https://github.com/Anthony-P-Addison/AGN-MOD-SEG","","ArXiv","","10.48550/arxiv.2509.09290","https://consensus.app/papers/modalityagnostic-input-channels-enable-segmentation-of-addison-wagner/114580c5393d58d4be150139b9b51237/"
"MouseGAN++: Unsupervised Disentanglement and Contrastive Representation for Multiple MRI Modalities Synthesis and Structural Segmentation of Mouse Brain","MouseGAN++ effectively synthesizes multiple MR modalities from single ones, improving mouse brain fine structure segmentation performance by combining cross-modality information.","Ziqi Yu, Xiaoyang Han, Shengjie Zhang, Jianfeng Feng, Tingying Peng, Xiao-Yong Zhang",2022,27,"Segmenting the fine structure of the mouse brain on magnetic resonance (MR) images is critical for delineating morphological regions, analyzing brain function, and understanding their relationships. Compared to a single MRI modality, multimodal MRI data provide complementary tissue features that can be exploited by deep learning models, resulting in better segmentation results. However, multimodal mouse brain MRI data is often lacking, making automatic segmentation of mouse brain fine structure a very challenging task. To address this issue, it is necessary to fuse multimodal MRI data to produce distinguished contrasts in different brain structures. Hence, we propose a novel disentangled and contrastive GAN-based framework, named MouseGAN++, to synthesize multiple MR modalities from single ones in a structure-preserving manner, thus improving the segmentation performance by imputing missing modalities and multi-modality fusion. Our results demonstrate that the translation performance of our method outperforms the state-of-the-art methods. Using the subsequently learned modality-invariant information as well as the modality-translated images, MouseGAN++ can segment fine brain structures with averaged dice coefficients of 90.0% (T2w) and 87.9% (T1w), respectively, achieving around +10% performance improvement compared to the state-of-the-art algorithms. Our results demonstrate that MouseGAN++, as a simultaneous image synthesis and segmentation method, can be used to fuse cross-modality information in an unpaired manner and yield more robust performance in the absence of multimodal data. We release our method as a mouse brain structural segmentation tool for free academic usage at https://github.com/yu02019.","","IEEE Transactions on Medical Imaging","1","10.1109/tmi.2022.3225528","https://consensus.app/papers/mousegan-unsupervised-disentanglement-and-contrastive-yu-han/00289a1de7c8586091681f41bcb5084e/"
"Bidirectional T1–T2 Brain MRI Synthesis Using a Fusion U-Net Transformer for Real-World Clinical Data","","Zeynep Cantemir, H. Karacan, E. Cindil, B. Kalafat",2026,0,"Obtaining multiple MRI contrasts for each patient prolongs scan acquisition time, increases healthcare costs, and may not always be feasible due to patient specific constraints. Deep learning-based MRI contrast synthesis offers a potential solution, yet most existing approaches are evaluated on preprocessed public benchmarks that do not reflect real-world clinical variability. In this study, we propose a fusion U-Net transformer framework for bidirectional T1-weighted ↔ T2-weighted brain MRI synthesis trained and evaluated exclusively on retrospectively acquired clinical data. The proposed architecture integrates multiscale convolutional feature extraction with axial attention mechanisms and a transformer bottleneck for efficient global context modeling. A fusion refinement block is incorporated to mitigate skip connection artifacts. An adversarial training strategy with the least squares GAN objective and a hybrid loss combining L1 reconstruction and structural similarity (SSIM) is employed to promote both pixel-level accuracy and perceptual fidelity. The model is evaluated using SSIM and PSNR metrics alongside qualitative expert assessment conducted by two board-certified radiologists. For both synthesis directions, the framework achieves competitive quantitative performance against baseline models under the challenging conditions of clinical data. Expert evaluation confirms high anatomical fidelity and clinically acceptable image quality across both synthesis directions. These results indicate that the proposed framework represents a promising approach for multi-contrast MRI synthesis in clinically heterogeneous data environments.","","Applied Sciences","2","10.3390/app16083674","https://consensus.app/papers/bidirectional-t1t2-brain-mri-synthesis-using-a-fusion-unet-cantemir-karacan/81f8e0032a365cc2a5a02f3f7b379c84/"
"Exploring contrast generalisation in deep learning-based brain MRI-to-CT synthesis","Domain randomisation improves the generalisation of deep learning models for brain sCT generation, improving image similarity and dose accuracy in MRI-based radiotherapy.","Lotte Nijskens, C. D. Berg, J. Verhoeff, M. Maspero",2023,12,"","","Physica medica : PM : an international journal devoted to the applications of physics to medicine and biology : official journal of the Italian Association of Biomedical Physics","1","10.1016/j.ejmp.2023.102642","https://consensus.app/papers/exploring-contrast-generalisation-in-deep-learningbased-nijskens-berg/32b6adc47e425de4b731de796661626e/"
"Deep MRI brain extraction: A 3D convolutional neural network for skull stripping","Our 3D convolutional neural network effectively extracts brain tissue from MRI data, outperforming existing methods and matching state-of-the-art performance on various datasets.","Jens Kleesiek, G. Urban, Alexander Hubert, D. Schwarz, Klaus Hermann Maier-Hein, M. Bendszus, A. Biller",2016,487,"","","NeuroImage","1","10.1016/j.neuroimage.2016.01.024","https://consensus.app/papers/deep-mri-brain-extraction-a-3d-convolutional-neural-kleesiek-urban/646225f1d1155f62904c304ab35a68bf/"
"Multi-Contrast MRI Image Synthesis Using Switchable Cycle-Consistent Generative Adversarial Networks","Switchable CycleGAN models outperform original CycleGAN models in pediatric MRI brain image synthesis, enabling the generation of unacquired image contrasts from available contrasts.","Huixian Zhang, Hailong Li, J. Dillman, N. Parikh, Lili He",2022,35,"Multi-contrast MRI images use different echo and repetition times to highlight different tissues. However, not all desired image contrasts may be available due to scan-time limitations, suboptimal signal-to-noise ratio, and/or image artifacts. Deep learning approaches have brought revolutionary advances in medical image synthesis, enabling the generation of unacquired image contrasts (e.g., T1-weighted MRI images) from available image contrasts (e.g., T2-weighted images). Particularly, CycleGAN is an advanced technique for image synthesis using unpaired images. However, it requires two separate image generators, demanding more training resources and computations. Recently, a switchable CycleGAN has been proposed to address this limitation and successfully implemented using CT images. However, it remains unclear if switchable CycleGAN can be applied to cross-contrast MRI synthesis. In addition, whether switchable CycleGAN is able to outperform original CycleGAN on cross-contrast MRI image synthesis is still an open question. In this paper, we developed a switchable CycleGAN model for image synthesis between multi-contrast brain MRI images using a large set of publicly accessible pediatric structural brain MRI images. We conducted extensive experiments to compare switchable CycleGAN with original CycleGAN both quantitatively and qualitatively. Experimental results demonstrate that switchable CycleGAN is able to outperform CycleGAN model on pediatric MRI brain image synthesis.","","Diagnostics","2","10.3390/diagnostics12040816","https://consensus.app/papers/multicontrast-mri-image-synthesis-using-switchable-zhang-li/2f1e909dfa395140a2254b4fbb0f1e32/"
"Synthesizing MR Image Contrast Enhancement Using 3D High-resolution ConvNets","Deep learning-based approaches can potentially replace gadolinium-based contrast agents in brain MRI, reducing exposure while maintaining similar contrast information.","Chao Chen, Catalina Raymond, Bill Speier, Xinyu Jin, T. Cloughesy, D. Enzmann, B. Ellingson, C. Arnold",2021,56,"Objective: Gadolinium-based contrast agents (GBCAs) have been widely used to better visualize disease in brain magnetic resonance imaging (MRI). However, gadolinium deposition within the brain and body has raised safety concerns about the use of GBCAs. Therefore, the development of novel approaches that can decrease or even eliminate GBCA exposure while providing similar contrast information would be of significant use clinically.

Methods: In this work, we present a deep learning based approach for contrast-enhanced T1 synthesis on brain tumor patients. A 3D high-resolution fully convolutional network (FCN), which maintains high resolution information through processing and aggregates multi-scale information in parallel, is designed to map pre-contrast MRI sequences to contrast-enhanced MRI sequences. Specifically, three pre-contrast MRI sequences, T1, T2 and apparent diffusion coefficient map (ADC), are utilized as inputs and the post-contrast T1 sequences are utilized as target output. To alleviate the data imbalance problem between normal tissues and the tumor regions, we introduce a local loss to improve the contribution of the tumor regions, which leads to better enhancement results on tumors.

Results: Extensive quantitative and visual assessments are performed, with our proposed model achieving a PSNR of 28.24 dB in the brain and 21.2 dB in tumor regions.

Conclusion and significance: Our results suggest the potential of substituting GBCAs with synthetic contrast images generated via deep learning.","","IEEE transactions on bio-medical engineering","1","10.1109/tbme.2022.3192309","https://consensus.app/papers/synthesizing-mr-image-contrast-enhancement-using-3d-chen-raymond/ebf484e71c945eddb4d63cc02f258e51/"
"From Low Field to High Value: Robust Cortical Mapping From Low‐Field MRI","Our machine learning method accurately reconstructs and analyzes cortical surfaces in portable low-field MRI, enabling cost-effective and accessible brain imaging.","Karthik Gopinath, A. Sorby-Adams, J. W. Ramirez, Dina Zemlyanker, Jennifer Guo, David Hunt, C. M. Donald, C. Keene, Timothy S. Coalson, Matthew F. Glasser, D. Essen, Matthew S. Rosen, O. Puonti, W. Kimberly, J. E. Iglesias",2025,4,"Three-dimensional reconstruction of cortical surfaces from MRI for subsequent morphometric analysis is fundamental for understanding brain structure. While high-field Magnetic Resonance Imaging (HF-MRI) is the standard in research and clinical settings, its relatively limited availability hinders widespread use. Low-field MRI (LF-MRI), particularly portable systems, offers a cost-effective and accessible alternative. However, existing cortical surface analysis tools, such as FreeSurfer, are optimized for high-resolution HF-MRI and struggle with the lower signal-to-noise ratio (SNR) and resolution of LF-MRI. In this work, we present a machine learning method for 3D reconstruction and analysis of portable LF-MRI scans over a range of contrasts and resolutions. Our method works ""out of the box"" and does not require retraining. It leverages a 3D U-Net trained on synthetic LF-MRI data to predict signed distance functions of the cortical surfaces, followed by geometric processing to ensure topologically accurate reconstructions. We evaluate our approach using paired HF-/LF-MRI scans of the same 15 subjects and 50 subjects from the ULF-EnC dataset. The results show that our method robustly recovers surfaces across LF-MRI acquisitions, with accuracy depending on MRI contrast mechanism (T1 vs. T2), slice anisotropy (axial vs. isotropic), and resolution. A 3 mm isotropic T2-weighted scan acquired in under 4 min, which is comparable in duration to typical HF-MRI acquisitions, yields strong agreement with HF-derived surfaces: surface area correlates at r = 0.96 $$ r=0.96 $$ , cortical parcellations reach a Dice coefficient of 0.98 $$ 0.98 $$ , and gray matter volume achieves r = 0.93 $$ r=0.93 $$ . Cortical thickness remains more challenging but achieves correlations up to r = 0.70 $$ r=0.70 $$ , reflecting the difficulties of achieving sub-mm precision with ~3 × 3 × 3 mm voxels. Our results also show that recon-any performs robustly across other sequences and contrasts, though thickness estimates are particularly sensitive and degrade substantially with anisotropic or low-resolution scans. We also validate our method on challenging postmortem LF-MRI scans, further illustrating its robustness. Our method represents a significant step toward making cortical surface analysis feasible for portable LF-MRI systems. The tool is publicly available at https://surfer.nmr.mgh.harvard.edu/fswiki/ReconAny.

© 2026 The Author(s). Human Brain Mapping published by Wiley Periodicals LLC.","","Human Brain Mapping","1","10.1002/hbm.70515","https://consensus.app/papers/from-low-field-to-high-value-robust-cortical-mapping-from-gopinath-sorby-adams/52b1100a467e556c8bcd3def468caa69/"
"MARS: Learning Modality-Agnostic Representation for Scalable Cross-Media Retrieval","The MARS approach allows each modality to be trained independently, resulting in better cross-media retrieval performance than existing methods.","Yunbo Wang, Yuxin Peng",2022,34,"Cross-media retrieval (CMR) offers a flexible retrieval experience across multiple modalities. Existing CMR approaches are constrained by the assumption that the paired modalities are available in training, and they leverage the data of all modalities to obtain a common representation. However, as dealing with the data from new modality, the previous all modalities need to be re-trained, compromising the flexibility and practicality of CMR. In this paper, we propose an approach termed learning Modality-Agnostic Representation for Scalable cross-media retrieval (MARS), which allows each modality to be trained independently. To be specific, MARS treats the label information as a distinct modality, and introduces a label parsing module LabNet to generate semantic representation for correlating different modalities. Meanwhile, MARS constructs the modality-specific representation module DataNet to obtain the modality-shared representation and modality-exclusive representation equipped with unbiased semantic classification. Technically, for the first modality, we jointly train the LabNet and its DataNet to preserve the semantic similarity between the Label-derived representation and the modality-shared representation. For new modalities, MARS employs the well-learned LabNet to extract the representation in labels, and then such representation is served as the privilege to guide the associated DataNet training via the same objective. Furthermore, we assign the same classifier to the representation module of all modalities for better semantic alignment. With the above schema, the obtained modality-shared representation is considered to be modality-agnostic. Extensive experiments on several benchmark multi-modality datasets demonstrate that the proposed MARS achieves better results than existing methods.","","IEEE Transactions on Circuits and Systems for Video Technology","1","10.1109/tcsvt.2021.3136330","https://consensus.app/papers/mars-learning-modalityagnostic-representation-for-wang-peng/165e2a6da21a5f4fae66109e38230227/"
"Contrast enhancement: Cross-modal learning approach for medical images","The proposed contrast enhancement approach using Cycle-GAN improves medical image quality and facilitates further processing tasks by learning global contrast characteristics from high contrast T1-w MRI.","Naseem Rabia, Islam Akib Jayed, Alaya Cheikh Faouzi, Beghdadi Azeddine",2022,14,"Contrast is an imperative perceptible attribute embodying the image quality. In medical images, the poor quality specifically low contrast inhibits precise interpretation of the image. Contrast enhancement is, therefore, applied not merely to improve the visual quality of images but also enabling them to facilitate further processing tasks. We propose a contrast enhancement approach based on cross-modal learning in this paper. Cycle-GAN (Generative Adversarial Network) is used for this purpose, where UNet augmented with global features acts as a generator. Besides, individual batch normalization has been used to make generators adapt specifically to their input distributions. The proposed method accepts low contrast T2-weighted (T2-w) Magnetic Resonance images (MRI) and uses the corresponding high contrast T1-w MRI to learn the global contrast characteristics. The experiments were conducted on a publicly available IXI dataset. Comparison with recent CE methods and quantitative assessment using two prevalent metrics FSIM and BRISQUE validate the superior performance of the proposed method.","","Electronic Imaging","","10.2352/ei.2022.34.10.ipas-344","https://consensus.app/papers/contrast-enhancement-crossmodal-learning-approach-for-rabia-jayed/37728ad1c68e55c5b2f54255b6a9e49a/"
"Multi-modal brain MRI images enhancement based on framelet and local weights super-resolution.","Our new model for multi-modal brain MRI image enhancement using framelet decomposition and local weights improves visual sharpness and qualitative indicators compared to traditional methods.","Yingying Xu, Songsong Dai, Haifeng Song, Lei Du, Ying Chen",2023,3,"Magnetic resonance (MR) image enhancement technology can reconstruct high-resolution image from a low-resolution image, which is of great significance for clinical application and scientific research. T1 weighting and T2 weighting are the two common magnetic resonance imaging modes, each of which has its own advantages, but the imaging time of T2 is much longer than that of T1. Related studies have shown that they have very similar anatomical structures in brain images, which can be utilized to enhance the resolution of low-resolution T2 images by using the edge information of high-resolution T1 images that can be rapidly imaged, so as to shorten the imaging time needed for T2 images. In order to overcome the inflexibility of traditional methods using fixed weights for interpolation and the inaccuracy of using gradient threshold to determine edge regions, we propose a new model based on previous studies on multi-contrast MR image enhancement. Our model uses framelet decomposition to finely separate the edge structure of the T2 brain image, and uses the local regression weights calculated from T1 image to construct a global interpolation matrix, so that our model can not only guide the edge reconstruction more accurately where the weights are shared, but also carry out collaborative global optimization for the remaining pixels and their interpolated weights. Experimental results on a set of simulated MR data and two sets of real MR images show that the enhanced images obtained by the proposed method are superior to the compared methods in terms of visual sharpness or qualitative indicators.","","Mathematical biosciences and engineering : MBE","","10.3934/mbe.2023199","https://consensus.app/papers/multimodal-brain-mri-images-enhancement-based-on-framelet-xu-dai/402d1d39c6f95509bae92aa71bbbd0b0/"
"Cross-modal MRI synthesis in infant brain imaging using attention-augmented 3D-ResUNet","","Gunasekar Thangarasu, Kesava Rao Alla, A. Sheeba, T. Kavipriya, Kayalvizhi Subramanian",2026,0,"Accurately reconstructing missing MRI modalities can significantly enhance infant brain imaging studies, particularly given the high cost, noise sensitivity, and extended scan time required for acquiring multiple MRI sequences. Predicting missing modalities—such as synthesizing T2-weighted images from existing T1-weighted scans—has the potential to improve downstream tasks including diagnosis and tissue segmentation. However, traditional synthesis methods struggle to model the complex tissue contrast and rapid developmental changes in neonatal brains. In addition, limited emphasis on anatomically relevant regions and insufficient network depth often lead to loss of spatial detail. To address these challenges, we propose a novel 3D-ResUNet architecture enhanced with Attention Gates (AGs) for cross-modal synthesis of infant brain MRI data. The AGs selectively highlight informative anatomical regions during decoding, improving tissue-specific feature learning, while the use of three-dimensional residual blocks enhances spatial preservation and feature propagation. We evaluated the proposed model on the iSeg2017 dataset, where it outperformed state-of-the-art approaches including 3D-UNet, pix2pix3D, and CycleGAN. Our method demonstrated superior quantitative performance across multiple metrics (PSNR, SSIM, MAE, and NMSE), and qualitative analysis confirmed improved anatomical consistency, reduced artifacts, and higher fidelity in the synthesized T2-weighted images.","","","","10.1117/12.3106096","https://consensus.app/papers/crossmodal-mri-synthesis-in-infant-brain-imaging-using-thangarasu-alla/c61f449eafb0548e98f51768adf9a122/"
"Cross-Modal Vertical Federated Learning for MRI Reconstruction","Fed-CRFD improves MRI reconstruction by exploring overlapping samples and addressing the domain shift problem in multi-modality settings.","Yu-bao Yan, Hong Wang, Yawen Huang, Nanjun He, Lei Zhu, Yong Xu, Yuexiang Li, Yefeng Zheng",2024,27,"Federated learning enables multiple hospitals to cooperatively learn a shared model without privacy disclosure. Existing methods often take a common assumption that the data from different hospitals have the same modalities. However, such a setting is difficult to fully satisfy in practical applications, since the imaging guidelines may be different between hospitals, which makes the number of individuals with the same set of modalities limited. To this end, we formulate this practical-yet-challenging cross-modal vertical federated learning task, in which data from multiple hospitals have different modalities with a small amount of multi-modality data collected from the same individuals. To tackle such a situation, we develop a novel framework, namely Federated Consistent Regularization constrained Feature Disentanglement (Fed-CRFD), for boosting MRI reconstruction by effectively exploring the overlapping samples (i.e., same patients with different modalities at different hospitals) and solving the domain shift problem caused by different modalities. Particularly, our Fed-CRFD involves an intra-client feature disentangle scheme to decouple data into modality-invariant and modality-specific features, where the modality-invariant features are leveraged to mitigate the domain shift problem. In addition, a cross-client latent representation consistency constraint is proposed specifically for the overlapping samples to further align the modality-invariant features extracted from different modalities. Hence, our method can fully exploit the multi-source data from hospitals while alleviating the domain shift problem. Extensive experiments on two typical MRI datasets demonstrate that our network clearly outperforms state-of-the-art MRI reconstruction methods.","","IEEE Journal of Biomedical and Health Informatics","1","10.1109/jbhi.2024.3360720","https://consensus.app/papers/crossmodal-vertical-federated-learning-for-mri-yan-wang/d814a1d29c0154e186fad91685fe8577/"
"Multi-contrast brain magnetic resonance image super-resolution using the local weight similarity","The proposed MRI image super-resolution method improves low-resolution brain images by using local weight similarity from another contrast MRI image, enhancing in-plane resolution.","Hong Zheng, X. Qu, Zhengjian Bai, Yunsong Liu, D. Guo, Jiyang Dong, Xi Peng, Zhong Chen",2017,43,"Background: Low-resolution images may be acquired in magnetic resonance imaging (MRI) due to limited data acquisition time or other physical constraints, and their resolutions can be improved with super-resolution methods. Since MRI can offer images of an object with different contrasts, e.g., T1-weighted or T2-weighted, the shared information between inter-contrast images can be used to benefit super-resolution.

Methods: In this study, an MRI image super-resolution approach to enhance in-plane resolution is proposed by exploring the statistical information estimated from another contrast MRI image that shares similar anatomical structures. We assume some edge structures are shown both in T1-weighted and T2-weighted MRI brain images acquired of the same subject, and the proposed approach aims to recover such kind of structures to generate a high-resolution image from its low-resolution counterpart.

Results: The statistical information produces a local weight of image that are found to be nearly invariant to the image contrast and thus this weight can be used to transfer the shared information from one contrast to another. We analyze this property with comprehensive mathematics as well as numerical experiments.

Conclusion: Experimental results demonstrate that the image quality of low-resolution images can be remarkably improved with the proposed method if this weight is borrowed from a high resolution image with another contrast. Multi-contrast MRI Image Super-resolution with Contrast-invariant Regression Weights.","","BMC Medical Imaging","2","10.1186/s12880-016-0176-2","https://consensus.app/papers/multicontrast-brain-magnetic-resonance-image-zheng-qu/9fe912bc690e5a009b8b8b77ed907926/"
"Accelerated 3D whole-brain T1, T2, and proton density mapping: feasibility for clinical glioma MR imaging","3D QTI is a feasible and promising method for glioma MR imaging, providing comprehensive tissue assessment and improved disease characterization under tight clinical time constraints.","Carolin M. Pirkl, Laura Nunez-Gonzalez, F. Kofler, Sebastian Endt, Lioba Grundl, Mohammad Golbabaee, Pedro A. Gómez, Matteo Cencini, G. Buonincontri, R. Schulte, M. Smits, Benedikt Wiestler, Bjoern H Menze, M. Menzel, J. Hernandez-Tamames",2021,26,"Purpose: Advanced MRI-based biomarkers offer comprehensive and quantitative information for the evaluation and characterization of brain tumors. In this study, we report initial clinical experience in routine glioma imaging with a novel, fully 3D multiparametric quantitative transient-state imaging (QTI) method for tissue characterization based on T1 and T2 values.

Methods: To demonstrate the viability of the proposed 3D QTI technique, nine glioma patients (grade II-IV), with a variety of disease states and treatment histories, were included in this study. First, we investigated the feasibility of 3D QTI (6:25 min scan time) for its use in clinical routine imaging, focusing on image reconstruction, parameter estimation, and contrast-weighted image synthesis. Second, for an initial assessment of 3D QTI-based quantitative MR biomarkers, we performed a ROI-based analysis to characterize T1 and T2 components in tumor and peritumoral tissue.

Results: The 3D acquisition combined with a compressed sensing reconstruction and neural network-based parameter inference produced parametric maps with high isotropic resolution (1.125 × 1.125 × 1.125 mm3 voxel size) and whole-brain coverage (22.5 × 22.5 × 22.5 cm3 FOV), enabling the synthesis of clinically relevant T1-weighted, T2-weighted, and FLAIR contrasts without any extra scan time. Our study revealed increased T1 and T2 values in tumor and peritumoral regions compared to contralateral white matter, good agreement with healthy volunteer data, and high inter-subject consistency.

Conclusion: 3D QTI demonstrated comprehensive tissue assessment of tumor substructures captured in T1 and T2 parameters. Aiming for fast acquisition of quantitative MR biomarkers, 3D QTI has potential to improve disease characterization in brain tumor patients under tight clinical time-constraints.

© 2021. The Author(s).","","Neuroradiology","1","10.1007/s00234-021-02703-0","https://consensus.app/papers/accelerated-3d-wholebrain-t1-t2-and-proton-density-mapping-pirkl-nunez-gonzalez/530f0955b0e65e8ab5765ff2429aa362/"
"Deep learning based synthesis of MRI, CT and PET: Review and analysis","Deep learning-based generative modeling has shown superior performance in medical image synthesis, enabling accurate clinical decision-making across various imaging contrasts.","Sanuwani Dayarathna, Kh Tohidul Islam, S. Uribe, Guan Yang, Munawar Hayat, Zhaolin Chen",2023,232,"","","Medical image analysis","1","10.1016/j.media.2023.103046","https://consensus.app/papers/deep-learning-based-synthesis-of-mri-ct-and-pet-review-and-dayarathna-islam/488f8493376959ff823a61841f839f6c/"
"MTSR-MRI: Combined Modality Translation and Super-Resolution of Magnetic Resonance Images","MTSR-MRI can upscale low-resolution MRI scans and translate between T1-weighted and T2-weighted modalities, potentially reducing scan time or repeat scans.","Avirup Dey, Mehran Ebrahimi",2023,4,"Magnetic resonance imaging (MRI) is a common non-invasive imaging technique with high soft tissue contrast. Different MRI modalities are used for the diagnosis of various conditions including T1-weighted and T2-weighted MRI. In this paper, we introduce MTSR-MRI, a novel method that can not only upscale low-resolution scans but also translates between the T1-weighted and T2-weighted modalities. This will potentially reduce the scan time or repeat scans by taking low-resolution inputs in one modality and returning plausible high-resolution output in another modality. Due to the ambiguity that persists in image-to-image translation tasks, we consider the distribution of possible outputs in a conditional generative setting. The mapping is distilled in a low-dimensional latent distribution which can be randomly sampled at test time, thus allowing us to generate multiple plausible high-resolution outputs from a given low-resolution input. We validate the proposed method on the BraTS-18 dataset qualitatively and quantitatively using a variety of similarity measures. The implementation of this work will be available at https://github.com/AvirupJU/MTSR-MRI .","","","","","https://consensus.app/papers/mtsrmri-combined-modality-translation-and-dey-ebrahimi/1f240d04477254a0837facd78cfc3e47/"
"Bi-MGAN: Bidirectional T1-to-T2 MRI images prediction using multi-generative multi-adversarial nets","Bi-MGAN effectively predicts desired MRI modality from acquired modality, reducing costs and improving throughput in medical imaging.","Liming Xu, He Zhang, Lanyu Song, Yanrong Lei",2022,14,"","","Biomed. Signal Process. Control.","1","10.1016/j.bspc.2022.103994","https://consensus.app/papers/bimgan-bidirectional-t1tot2-mri-images-prediction-using-xu-zhang/9103dbb5acb3564ab3f85847fff94913/"
"Cross‐vendor multiparametric mapping of the human brain using 3D‐QALAS: A multicenter and multivendor study","3D-QALAS is a vendor-agnostic multiparametric mapping technique that provides reproducible measurements of T1, T2, and PD for human tissues across different MRI manufacturers.","S. Fujita, B. Gagoski, K. Hwang, A. Hagiwara, M. Warntjes, Issei Fukunaga, W. Uchida, Y. Saito, Towa Sekine, Rina Tachibana, Tomoya Muroi, T. Akatsu, Akihiro Kasahara, Ryo Sato, Tsuyoshi Ueyama, C. Andica, K. Kamagata, Shiori Amemiya, H. Takao, Y. Hoshino, Y. Tomizawa, Kazumasa Yokoyama, B. Bilgiç, Nobutaka Hattori, Osamu Abe, S. Aoki",2024,21,"Purpose: To evaluate a vendor-agnostic multiparametric mapping scheme based on 3D quantification using an interleaved Look-Locker acquisition sequence with a T2 preparation pulse (3D-QALAS) for whole-brain T1, T2, and proton density (PD) mapping.

Methods: This prospective, multi-institutional study was conducted between September 2021 and February 2022 using five different 3T systems from four prominent MRI vendors. The accuracy of this technique was evaluated using a standardized MRI system phantom. Intra-scanner repeatability and inter-vendor reproducibility of T1, T2, and PD values were evaluated in 10 healthy volunteers (6 men; mean age ± SD, 28.0 ± 5.6 y) who underwent scan-rescan sessions on each scanner (total scans = 100). To evaluate the feasibility of 3D-QALAS, nine patients with multiple sclerosis (nine women; mean age ± SD, 48.2 ± 11.5 y) underwent imaging examination on two 3T MRI systems from different manufacturers.

Results: Quantitative maps obtained with 3D-QALAS showed high linearity (R2 = 0.998 and 0.998 for T1 and T2, respectively) with respect to reference measurements. The mean intra-scanner coefficients of variation for each scanner and structure ranged from 0.4% to 2.6%. The mean structure-wise test-retest repeatabilities were 1.6%, 1.1%, and 0.7% for T1, T2, and PD, respectively. Overall, high inter-vendor reproducibility was observed for all parameter maps and all structure measurements, including white matter lesions in patients with multiple sclerosis.

Conclusion: The vendor-agnostic multiparametric mapping technique 3D-QALAS provided reproducible measurements of T1, T2, and PD for human tissues within a typical physiological range using 3T scanners from four different MRI manufacturers.

© 2024 The Authors. Magnetic Resonance in Medicine published by Wiley Periodicals LLC on behalf of International Society for Magnetic Resonance in Medicine.","","Magnetic Resonance in Medicine","1","10.1002/mrm.29939","https://consensus.app/papers/crossvendor-multiparametric-mapping-of-the-human-brain-fujita-gagoski/c7b10e6824bc581fba14ecdff9dff940/"
"Cross-Modal Retrieval: A Systematic Review of Methods and Future Directions","Cross-modal retrieval offers a comprehensive solution for accessing diverse multimodal data, enabling semantic matching and promoting consistency across heterogeneous data.","Lei Zhu, Tianshi Wang, Fengling Li, Jingjing Li, Zheng Zhang, H. Shen",2023,107,"With the exponential surge in diverse multimodal data, traditional unimodal retrieval methods struggle to meet the needs of users seeking access to data across various modalities. To address this, cross-modal retrieval has emerged, enabling interaction across modalities, facilitating semantic matching, and leveraging complementarity and consistency between heterogeneous data. Although prior literature has reviewed the field of cross-modal retrieval, it suffers from numerous deficiencies in terms of timeliness, taxonomy, and comprehensiveness. This article conducts a comprehensive review of cross-modal retrieval’s evolution, spanning from shallow statistical analysis techniques to vision-language pretraining (VLP) models. Commencing with a comprehensive taxonomy grounded in machine learning paradigms, mechanisms, and models, this article delves deeply into the principles and architectures underpinning existing cross-modal retrieval methods. Furthermore, it offers an overview of widely used benchmarks, metrics, and performances. Lastly, this article probes the prospects and challenges that confront contemporary cross-modal retrieval, while engaging in a discourse on potential directions for further progress in the field. To facilitate the ongoing research on cross-modal retrieval, we develop a user-friendly toolbox and an open-source repository at https://cross-modal-retrieval.github.io.","literature review","Proceedings of the IEEE","1","10.1109/jproc.2024.3525147","https://consensus.app/papers/crossmodal-retrieval-a-systematic-review-of-methods-and-zhu-wang/38affbf07d3052f7ba8dec775018c76c/"
"MRI Cross-Modality Image-to-Image Translation","Our cross-modality generation framework using cGANs improves cross-modality registration and segmentation in brain MRI, advancing the state-of-the-art on five brain MRI datasets.","Qianye Yang, Nannan Li, Zixu Zhao, Xingyu Fan, E. Chang, Yan Xu",2020,151,"We present a cross-modality generation framework that learns to generate translated modalities from given modalities in MR images. Our proposed method performs Image Modality Translation (abbreviated as IMT) by means of a deep learning model that leverages conditional generative adversarial networks (cGANs). Our framework jointly exploits the low-level features (pixel-wise information) and high-level representations (e.g. brain tumors, brain structure like gray matter, etc.) between cross modalities which are important for resolving the challenging complexity in brain structures. Our framework can serve as an auxiliary method in medical use and has great application potential. Based on our proposed framework, we first propose a method for cross-modality registration by fusing the deformation fields to adopt the cross-modality information from translated modalities. Second, we propose an approach for MRI segmentation, translated multichannel segmentation (TMS), where given modalities, along with translated modalities, are segmented by fully convolutional networks (FCN) in a multichannel manner. Both of these two methods successfully adopt the cross-modality information to improve the performance without adding any extra data. Experiments demonstrate that our proposed framework advances the state-of-the-art on five brain MRI datasets. We also observe encouraging results in cross-modality registration and segmentation on some widely adopted brain datasets. Overall, our work can serve as an auxiliary method in medical use and be applied to various tasks in medical fields.","","Scientific Reports","1","10.1038/s41598-020-60520-6","https://consensus.app/papers/mri-crossmodality-imagetoimage-translation-yang-li/688552f1c3855f7f96a2ecb9c3ea4342/"
"Self-Attentive Spatial Adaptive Normalization for Cross-Modality Domain Adaptation","Our novel approach for cross-modality medical image translation using adversarial training and self-attentive spatial normalization improves image quality and reduces annotation burden for radiologists.","Devavrat Tomar, M. Lortkipanidze, Guillaume Vray, Behzad Bozorgtabar, J. Thiran",2021,101,"Despite the successes of deep neural networks on many challenging vision tasks, they often fail to generalize to new test domains that are not distributed identically to the training data. The domain adaptation becomes more challenging for cross-modality medical data with a notable domain shift. Given that specific annotated imaging modalities may not be accessible nor complete. Our proposed solution is based on the cross-modality synthesis of medical images to reduce the costly annotation burden by radiologists and bridge the domain gap in radiological images. We present a novel approach for image-to-image translation in medical images, capable of supervised or unsupervised (unpaired image data) setups. Built upon adversarial training, we propose a learnable self-attentive spatial normalization of the deep convolutional generator network's intermediate activations. Unlike previous attention-based image-to-image translation approaches, which are either domain-specific or require distortion of the source domain's structures, we unearth the importance of the auxiliary semantic information to handle the geometric changes and preserve anatomical structures during image translation. We achieve superior results for cross-modality segmentation between unpaired MRI and CT data for multi-modality whole heart and multi-modal brain tumor MRI (T1/T2) datasets compared to the state-of-the-art methods. We also observe encouraging results in cross-modality conversion for paired MRI and CT images on a brain dataset. Furthermore, a detailed analysis of the cross-modality image translation, thorough ablation studies confirm our proposed method's efficacy.","","IEEE Transactions on Medical Imaging","1","10.1109/tmi.2021.3059265","https://consensus.app/papers/selfattentive-spatial-adaptive-normalization-for-tomar-lortkipanidze/12a086ed44525152ba5fe1756ec6e3cf/"
"Prior-Guided Image Reconstruction for Accelerated Multi-Contrast MRI via Generative Adversarial Networks","The proposed method improves the quality and scan efficiency of multi-contrast MRI exams by utilizing three priors, enhancing recovery of high-level features.","S. Dar, Mahmut Yurt, M. Shahdloo, M. E. Ildiz, Berk Tınaz, Tolga Cukur",2020,163,"Multi-contrast MRI acquisitions of an anatomy enrich the magnitude of information available for diagnosis. Yet, excessive scan times associated with additional contrasts may be a limiting factor. Two mainstream frameworks for enhanced scan efficiency are reconstruction of undersampled acquisitions and synthesis of missing acquisitions. Recently, deep learning methods have enabled significant performance improvements in both frameworks. Yet, reconstruction performance decreases towards higher acceleration factors with diminished sampling density at high-spatial-frequencies, whereas synthesis can manifest artefactual sensitivity or insensitivity to image features due to the absence of data samples from the target contrast. In this article, we propose a new approach for synergistic recovery of undersampled multi-contrast acquisitions based on conditional generative adversarial networks. The proposed method mitigates the limitations of pure learning-based reconstruction or synthesis by utilizing three priors: shared high-frequency prior available in the source contrast to preserve high-spatial-frequency details, low-frequency prior available in the undersampled target contrast to prevent feature leakage/loss, and perceptual prior to improve recovery of high-level features. Demonstrations on brain MRI datasets from healthy subjects and patients indicate the superior performance of the proposed method compared to pure reconstruction and synthesis methods. The proposed method can help improve the quality and scan efficiency of multi-contrast MRI exams.","","IEEE Journal of Selected Topics in Signal Processing","1","10.1109/jstsp.2020.3001737","https://consensus.app/papers/priorguided-image-reconstruction-for-accelerated-dar-yurt/29fe696dd93e51718baceca23429c088/"
"Undersampled Multi-Contrast MRI Reconstruction Based on Double-Domain Generative Adversarial Network","The proposed two-stage generative adversarial network effectively reconstructs undersampled multi-contrast MRI images, accelerating acquisition while maintaining image quality and reducing artifacts.","Haining Wei, Zhong-kai Li, Shuai Wang, Rui Li",2022,31,"Multi-contrast magnetic resonance imaging can provide comprehensive information for clinical diagnosis. However, multi-contrast imaging suffers from long acquisition time, which makes it inhibitive for daily clinical practice. Subsampling k-space is one of the main methods to speed up scan time. Missing k-space samples will lead to inevitable serious artifacts and noise. Considering the assumption that different contrast modalities share some mutual information, it may be possible to exploit this redundancy to accelerate multi-contrast imaging acquisition. Recently, generative adversarial network shows superior performance in image reconstruction and synthesis. Some studies based on k-space reconstruction also exhibit superior performance over conventional state-of-art method. In this study, we propose a cross-domain two-stage generative adversarial network for multi-contrast images reconstruction based on prior full-sampled contrast and undersampled information. The new approach integrates reconstruction and synthesis, which estimates and completes the missing k-space and then refines in image space. It takes one fully-sampled contrast modality data and highly undersampled data from several other modalities as input, and outputs high quality images for each contrast simultaneously. The network is trained and tested on a public brain dataset from healthy subjects. Quantitative comparisons against baseline clearly indicate that the proposed method can effectively reconstruct undersampled images. Even under high acceleration, the network still can recover texture details and reduce artifacts.","","IEEE Journal of Biomedical and Health Informatics","1","10.1109/jbhi.2022.3143104","https://consensus.app/papers/undersampled-multicontrast-mri-reconstruction-based-on-wei-li/877edba9c92455599fbac04040920edb/"
"LEARNING MRI CONTRAST-AGNOSTIC REGISTRATION","This study presents a strategy for learning image registration without acquired imaging data, producing powerful networks agnostic to magnetic resonance imaging (MRI) contrast, and surpassing classical state-of-the-art brain registration accuracy by up to 12.4 Dice points.","Malte Hoffmann, Benjamin Billot, J. E. Iglesias, B. Fischl, Adrian V. Dalca",2021,11,"We introduce a strategy for learning image registration without acquired imaging data, producing powerful networks agnostic to magnetic resonance imaging (MRI) contrast. While classical methods accurately estimate the spatial correspondence between images, they solve an optimization problem for every new image pair. Learning methods are fast at test time but limited to images with contrasts and geometric content similar to those seen during training. We propose to remove this dependency using a generative strategy that exposes networks to a wide range of images synthesized from segmentations during training, forcing them to generalize across contrasts. We show that networks trained within this framework generalize to a broad array of unseen MRI contrasts and surpass classical state-of-the-art brain registration accuracy by up to 12.4 Dice points for a variety of tested contrast combinations. Critically, training on arbitrary shapes synthesized from noise distributions results in competitive performance, removing the dependency on acquired data of any kind. Additionally, since anatomical label maps are often available for the anatomy of interest, we show that synthesizing images from these dramatically boosts performance, while still avoiding the need for real intensity images during training.","","Proceedings. IEEE International Symposium on Biomedical Imaging","","10.1109/isbi48211.2021.9434113","https://consensus.app/papers/learning-mri-contrastagnostic-registration-hoffmann-billot/f70fa2094ea055729044263c5fb74967/"
"Reliable brain morphometry from contrast‐enhanced T1w‐MRI in patients with multiple sclerosis","Deep learning-based morphometry tools can reliably extract brain morphometry from contrast-enhanced MRI, increasing the number of cases available for analysis and potential future diagnostic tools.","M. Rebsamen, Richard McKinley, Piotr Radojewski, M. Pistor, C. Friedli, R. Hoepner, A. Salmen, A. Chan, M. Reyes, F. Wagner, R. Wiest, C. Rummel",2022,19,"Brain morphometry is usually based on non-enhanced (pre-contrast) T1-weighted MRI. However, such dedicated protocols are sometimes missing in clinical examinations. Instead, an image with a contrast agent is often available. Existing tools such as FreeSurfer yield unreliable results when applied to contrast-enhanced (CE) images. Consequently, these acquisitions are excluded from retrospective morphometry studies, which reduces the sample size. We hypothesize that deep learning (DL)-based morphometry methods can extract morphometric measures also from contrast-enhanced MRI. We have extended DL+DiReCT to cope with contrast-enhanced MRI. Training data for our DL-based model were enriched with non-enhanced and CE image pairs from the same session. The segmentations were derived with FreeSurfer from the non-enhanced image and used as ground truth for the coregistered CE image. A longitudinal dataset of patients with multiple sclerosis (MS), comprising relapsing remitting (RRMS) and primary progressive (PPMS) subgroups, was used for the evaluation. Global and regional cortical thickness derived from non-enhanced and CE images were contrasted to results from FreeSurfer. Correlation coefficients of global mean cortical thickness between non-enhanced and CE images were significantly larger with DL+DiReCT (r = 0.92) than with FreeSurfer (r = 0.75). When comparing the longitudinal atrophy rates between the two MS subgroups, the effect sizes between PPMS and RRMS were higher with DL+DiReCT both for non-enhanced (d = -0.304) and CE images (d = -0.169) than for FreeSurfer (non-enhanced d = -0.111, CE d = 0.085). In conclusion, brain morphometry can be derived reliably from contrast-enhanced MRI using DL-based morphometry tools, making additional cases available for analysis and potential future diagnostic morphometry tools.

© 2022 The Authors. Human Brain Mapping published by Wiley Periodicals LLC.","","Human Brain Mapping","1","10.1002/hbm.26117","https://consensus.app/papers/reliable-brain-morphometry-from-contrastenhanced-t1wmri-rebsamen-mckinley/d2345a4bfb3b5f67a15c8a7c95d44427/"
"Synthetic MRI in action: A novel framework in data augmentation strategies for robust multi-modal brain tumor segmentation","This study successfully generates synthetic T1CE scans from T1 using an image-to-image translation framework, reducing reliance on hard-to-acquire modalities and improving brain tumor segmentation accuracy.","Kaliprasad Pani, Indu Chawla",2024,19,"","","Computers in biology and medicine","1","10.1016/j.compbiomed.2024.109273","https://consensus.app/papers/synthetic-mri-in-action-a-novel-framework-in-data-pani-chawla/669525148b8c5f87bc8bc5bee78101c8/"
"Improving resolution of MR images with an adversarial network incorporating images with different contrast","The proposed deep learning framework using high resolution MR images in one contrast can improve down-sampled MR images in another contrast, reducing total scan time and improving image quality.","Ki Hwan Kim, Won-joon Do, Sung-Hong Park",2018,96,"Purpose: The routine MRI scan protocol consists of multiple pulse sequences that acquire images of varying contrast. Since high frequency contents such as edges are not significantly affected by image contrast, down-sampled images in one contrast may be improved by high resolution (HR) images acquired in another contrast, reducing the total scan time. In this study, we propose a new deep learning framework that uses HR MR images in one contrast to generate HR MR images from highly down-sampled MR images in another contrast.

Materials and methods: The proposed convolutional neural network (CNN) framework consists of two CNNs: (a) a reconstruction CNN for generating HR images from the down-sampled images using HR images acquired with a different MRI sequence and (b) a discriminator CNN for improving the perceptual quality of the generated HR images. The proposed method was evaluated using a public brain tumor database and in vivo datasets. The performance of the proposed method was assessed in tumor and no-tumor cases separately, with perceptual image quality being judged by a radiologist. To overcome the challenge of training the network with a small number of available in vivo datasets, the network was pretrained using the public database and then fine-tuned using the small number of in vivo datasets. The performance of the proposed method was also compared to that of several compressed sensing (CS) algorithms.

Results: Incorporating HR images of another contrast improved the quantitative assessments of the generated HR image in reference to ground truth. Also, incorporating a discriminator CNN yielded perceptually higher image quality. These results were verified in regions of normal tissue as well as tumors for various MRI sequences from pseudo k-space data generated from the public database. The combination of pretraining with the public database and fine-tuning with the small number of real k-space datasets enhanced the performance of CNNs in in vivo application compared to training CNNs from scratch. The proposed method outperformed the compressed sensing methods.

Conclusions: The proposed method can be a good strategy for accelerating routine MRI scanning.

© 2018 American Association of Physicists in Medicine.","","Medical Physics","1","10.1002/mp.12945","https://consensus.app/papers/improving-resolution-of-mr-images-with-an-adversarial-kim-do/64c4a0a79af8546dadf9a6260aa8a9cb/"
"3D balanced SSFP UTE MRI for multiple contrasts whole brain imaging","The new 3D balanced SSFP UTE MRI sequence effectively captures ultra-short transverse relaxation time components in the brain, providing easy extraction and reference in a single acquisition.","Xin Shen, E. Caverzasi, Yang Yang, Xiaoxi Liu, Ari Green, Roland Henry, U. Emir, P. Larson",2024,7,"Purpose: This study aimed to develop a new high-resolution MRI sequence for the imaging of the ultra-short transverse relaxation time (uT2) components in the brain, while simultaneously providing proton density (PD) contrast for reference and quantification.

Theory: The sequence combines low flip angle balanced SSFP (bSSFP) and UTE techniques, together with a 3D dual-echo rosette k-space trajectory for readout.

Methods: The expected image contrast was evaluated by simulations. A study cohort of six healthy volunteers and eight multiple sclerosis (MS) patients was recruited to test the proposed sequence. Subtraction between two TEs was performed to extract uT2 signals. In addition, conventional longitudinal relaxation time (T1) weighted, T2-weighted, and PD-weighted MRI sequences were also acquired for comparison.

Results: Typical PD-contrast was found in the second TE images, while uT2 signals were selectively captured in the first TE images. The subtraction images presented signals primarily originating from uT2 components, but only if the first TE is short enough. Lesions in the MS subjects showed hyperintense signals in the second TE images but were hypointense signals in the subtraction images. The lesions had significantly lower signal intensity in subtraction images than normal white matter (WM), which indicated a reduction of uT2 components likely associated with myelin.

Conclusion: 3D isotropic sub-millimeter (0.94 mm) spatial resolution images were acquired with the novel bSSFP UTE sequence within 3 min. It provided easy extraction of uT2 signals and PD-contrast for reference within a single acquisition.

© 2024 International Society for Magnetic Resonance in Medicine.","","Magnetic Resonance in Medicine","1","10.1002/mrm.30093","https://consensus.app/papers/3d-balanced-ssfp-ute-mri-for-multiple-contrasts-whole-brain-shen-caverzasi/bff1c16d57e2517aac2e0afe65b308cc/"
"Deep Learning Based Multi-Modal Fusion for Fast MR Reconstruction","Dense-Unet, a novel deep learning approach, can reconstruct a 3D T2WI volume in less than 10 seconds with minimal aliasing artifacts and signal-noise-ratio loss.","Lei Xiang, Yong Chen, Weitang Chang, Y. Zhan, Weili Lin, D. Shen",2018,150,"T1-weighted image (T1WI) and T2-weighted image (T2WI) are the two routinely acquired magnetic resonance (MR) modalities that can provide complementary information for clinical and research usages. However, the relatively long acquisition time makes the acquired image vulnerable to motion artifacts. To speed up the imaging process, various algorithms have been proposed to reconstruct high-quality images from under-sampled k-space data. However, most of the existing algorithms only rely on mono-modality acquisition for the image reconstruction. In this paper, we propose to combine complementary MR acquisitions (i.e., T1WI and under-sampled T2WI particularly) to reconstruct the high-quality image (i.e., corresponding to the fully-sampled T2WI). To the best of our knowledge, this is the first work to fuse multi-modal MR acquisitions through deep learning to speed up the reconstruction of a certain target image. Specifically, we present a novel deep learning approach, namely Dense-Unet, to accomplish the reconstruction task. The proposed Dense-Unet requires fewer parameters and less computation, while achieving promising performance. Our results have shown that Dense-Unet can reconstruct a 3D T2WI volume in less than 10 seconds with an under-sampling rate of 8 for the k-space and negligible aliasing artifacts or signal-noise-ratio (SNR) loss. Experiments also demonstrate excellent transferring capability of Dense-Unet when applied to the datasets acquired by different MR scanners. The above results imply great potential of our method in many clinical scenarios.","","IEEE transactions on bio-medical engineering","1","10.1109/tbme.2018.2883958","https://consensus.app/papers/deep-learning-based-multimodal-fusion-for-fast-mr-xiang-chen/12693b643457596789106042444d2c71/"
"COMPARISON OF POST-CONTRAST 3D-T1-SPACE, 3D-T2-FLAIR AND 3D-T1-MPRAGE MR
SEQUENCES IN THE EVALUATION OF MENINGEAL AND BRAIN PARENCHYMAL PATHOLOGIES","Post-contrast 3D-T1-SPACE and 3D-T2-FLAIR MR sequences provide more valuable information than conventional 3D-T1-MPRAGE for evaluating meningeal and brain parenchymal diseases.","A.Mohideen, V.Dheebha, S. Priya",2021,0,"Background and purpose: The purpose of this study was to assess the value added by contrast-enhanced threedimensional (3D) -T2 fluid-attenuated inversion recovery sequence (FLAIR) and 3D-T1 sampling perfection with
application optimized contrast using different flip-angle evolutions(SPACE) sequences to conventional post-contrast
3D-T1 magnetisation prepared rapid gradient-echo (MPRAGE) images in the evaluation of meningeal and brain
parenchymal diseases.
Materials and methods:A total of 60 patients with magnetic resonance imaging (MRI) findings suggestive of infectious
/ inflammatory / metastatic parenchymal and/or meningeal abnormalities, were selected from patients who underwent
MRI brain with intravenous (IV) contrast from March 2019 to Nov 2019.All the patients had their diagnosis confirmed by
histopathological or microbiological studies, as deemed appropriate. Two radiologists independently assessed the
presence of additional information on post-contrast (PC) 3D-T2-FLAIR and 3D-T1-SPACE images and compared them
with PC 3D-T1-MPRAGE images.
Results: Both reviewers found that post contrast 3 D-T1-SPACE provided more additional information than post contrast
3D-T1-MPRAGE in the evaluation of brain parenchymal and supratentorial meningeal abnormalities.PC 3D-T2-FLAIR is
an excellent tool in the evaluation of intratentorial leptomeningeal abnormalities and identifying the scolex in patients
with neurocysticercosis (NCC), presenting with ring enhancing lesions.","","PARIPEX INDIAN JOURNAL OF RESEARCH","","10.36106/paripex/6409931","https://consensus.app/papers/comparison-of-postcontrast-3dt1space-3dt2flair-and-amohideen-vdheebha/5ef77cdf94e95ba0b9bd7b2a1ff31ba8/"
"Content-Based Brain Tumor Retrieval for MR Images Using Transfer Learning","Our deep convolutional neural network VGG19-based feature extraction framework and transfer learning strategy effectively improve content-based image retrieval for brain tumors on T1-weighted contrast-enhanced magnetic resonance images, outperforming state-of-the-art systems.","Zar Nawab Khan Swati, Qinghua Zhao, Muhammad Kabir, Farman Ali, Zakir Ali, Saeed Ahmed, Jianfeng Lu",2019,194,"This paper presents an automatic content-based image retrieval (CBIR) system for brain tumors on T1-weighted contrast-enhanced magnetic resonance images (CE-MRI). The key challenge in CBIR systems for MR images is the semantic gap between the low-level visual information captured by the MRI machine and the high-level information perceived by the human evaluator. The traditional feature extraction methods focus only on low-level or high-level features and use some handcrafted features to reduce this gap. It is necessary to design a feature extraction framework to reduce this gap without using handcrafted features by encoding/combining low-level and high-level features. Deep learning is very powerful for feature representation that can depict low-level and high-level information completely and embed the phase of feature extraction in self-learning. Therefore, we propose a deep convolutional neural network VGG19-based novel feature extraction framework and apply closed-form metric learning to measure the similarity between the query image and database images. Furthermore, we adopt transfer learning and propose a block-wise fine-tuning strategy to enhance the retrieval performance. The extensive experiments are performed on a publicly available CE-MRI dataset that consists of three types of brain tumors (i.e., glioma, meningioma, and pituitary tumor) collected from 233 patients with a total of 3064 images across the axial, coronal, and sagittal views. Our method is more generic, as we do not use any handcrafted features; it requires minimal preprocessing, tested as robust on fivefold cross-validation, can achieve a fivefold mean average precision of 96.13%, and outperforms the state-of-the-art CBIR systems on the CE-MRI dataset.","","IEEE Access","1","10.1109/access.2019.2892455","https://consensus.app/papers/contentbased-brain-tumor-retrieval-for-mr-images-using-swati-zhao/6b72b74c215758e98906ef867359d89d/"
